-- MySQL Script generated by MySQL Workbench
-- Sat Apr  1 16:12:53 2023
-- Model: New Model    Version: 1.0
-- MySQL Workbench Forward Engineering

SET @OLD_UNIQUE_CHECKS=@@UNIQUE_CHECKS, UNIQUE_CHECKS=0;
SET @OLD_FOREIGN_KEY_CHECKS=@@FOREIGN_KEY_CHECKS, FOREIGN_KEY_CHECKS=0;
SET @OLD_SQL_MODE=@@SQL_MODE, SQL_MODE='ONLY_FULL_GROUP_BY,STRICT_TRANS_TABLES,NO_ZERO_IN_DATE,NO_ZERO_DATE,ERROR_FOR_DIVISION_BY_ZERO,NO_ENGINE_SUBSTITUTION';

-- -----------------------------------------------------
-- Schema passport_desk
-- -----------------------------------------------------
DROP SCHEMA IF EXISTS `passport_desk` ;

-- -----------------------------------------------------
-- Schema passport_desk
-- -----------------------------------------------------
CREATE SCHEMA IF NOT EXISTS `passport_desk` DEFAULT CHARACTER SET utf8 ;
USE `passport_desk` ;

-- -----------------------------------------------------
-- Table `passport_desk`.`International_passport`
-- -----------------------------------------------------
DROP TABLE IF EXISTS `passport_desk`.`International_passport` ;

CREATE TABLE IF NOT EXISTS `passport_desk`.`International_passport` (
  `id_international_passport` VARCHAR(8) NOT NULL,
  `issue_date` DATE NOT NULL,
  `expiry_date` DATE NOT NULL,
  `type_international_passport` VARCHAR(1) NOT NULL,
  `country_code` VARCHAR(3) NOT NULL,
  `verifed_by_tax_service` TINYINT NOT NULL,
  PRIMARY KEY (`id_international_passport`))
ENGINE = InnoDB;


-- -----------------------------------------------------
-- Table `passport_desk`.`Passport`
-- -----------------------------------------------------
DROP TABLE IF EXISTS `passport_desk`.`Passport` ;

CREATE TABLE IF NOT EXISTS `passport_desk`.`Passport` (
  `id_passport` INT NOT NULL,
  `name` VARCHAR(45) NOT NULL,
  `surname` VARCHAR(45) NOT NULL,
  `patronomyc` VARCHAR(45) NULL,
  `gender` VARCHAR(1) NOT NULL,
  `birth_date` DATE NOT NULL,
  `nationality` VARCHAR(45) NOT NULL,
  `authority` VARCHAR(45) NOT NULL,
  `issue_date` DATE NOT NULL,
  `expiry_date` DATE NOT NULL,
  `tax_number` INT NOT NULL,
  `record` VARCHAR(14) NOT NULL,
  `fk_international_passport` VARCHAR(8) NULL,
  PRIMARY KEY (`id_passport`),
  INDEX `fk_Passport_International_passport1_idx` (`fk_international_passport` ASC) VISIBLE,
  CONSTRAINT `fk_Passport_International_passport1`
    FOREIGN KEY (`fk_international_passport`)
    REFERENCES `passport_desk`.`International_passport` (`id_international_passport`)
    ON DELETE NO ACTION
    ON UPDATE NO ACTION)
ENGINE = InnoDB;


-- -----------------------------------------------------
-- Table `passport_desk`.`Place_of_birth`
-- -----------------------------------------------------
DROP TABLE IF EXISTS `passport_desk`.`Place_of_birth` ;

CREATE TABLE IF NOT EXISTS `passport_desk`.`Place_of_birth` (
  `settlement` VARCHAR(45) NOT NULL,
  `region` VARCHAR(45) NULL,
  `country` VARCHAR(45) NOT NULL,
  `fk_passport` INT NOT NULL,
  INDEX `fk_Place_of_birth_Passport_idx` (`fk_passport` ASC) VISIBLE,
  CONSTRAINT `fk_Place_of_birth_Passport`
    FOREIGN KEY (`fk_passport`)
    REFERENCES `passport_desk`.`Passport` (`id_passport`)
    ON DELETE NO ACTION
    ON UPDATE NO ACTION)
ENGINE = InnoDB;


-- -----------------------------------------------------
-- Table `passport_desk`.`Place_of_registration`
-- -----------------------------------------------------
DROP TABLE IF EXISTS `passport_desk`.`Place_of_registration` ;

CREATE TABLE IF NOT EXISTS `passport_desk`.`Place_of_registration` (
  `country` VARCHAR(45) NOT NULL,
  `settlement` VARCHAR(45) NOT NULL,
  `region` VARCHAR(45) NULL,
  `street` VARCHAR(45) NOT NULL,
  `house` VARCHAR(5) NOT NULL,
  `apartment` INT NOT NULL,
  `registration_date` DATE NOT NULL,
  `fk_passport` INT NOT NULL,
  INDEX `fk_Place_of_registration_Passport1_idx` (`fk_passport` ASC) VISIBLE,
  CONSTRAINT `fk_Place_of_registration_Passport1`
    FOREIGN KEY (`fk_passport`)
    REFERENCES `passport_desk`.`Passport` (`id_passport`)
    ON DELETE NO ACTION
    ON UPDATE NO ACTION)
ENGINE = InnoDB;


SET SQL_MODE=@OLD_SQL_MODE;
SET FOREIGN_KEY_CHECKS=@OLD_FOREIGN_KEY_CHECKS;
SET UNIQUE_CHECKS=@OLD_UNIQUE_CHECKS;

-- -----------------------------------------------------
-- Data for table `passport_desk`.`International_passport`
-- -----------------------------------------------------
START TRANSACTION;
USE `passport_desk`;
INSERT INTO `passport_desk`.`International_passport` (`id_international_passport`, `issue_date`, `expiry_date`, `type_international_passport`, `country_code`, `verifed_by_tax_service`) VALUES ('AA112233', '2033.01.01', '2023.01.01', 'P', 'UKR', 1);
INSERT INTO `passport_desk`.`International_passport` (`id_international_passport`, `issue_date`, `expiry_date`, `type_international_passport`, `country_code`, `verifed_by_tax_service`) VALUES ('BB445566', '2033.02.02', '2023.02.02', 'P', 'POL', 0);
INSERT INTO `passport_desk`.`International_passport` (`id_international_passport`, `issue_date`, `expiry_date`, `type_international_passport`, `country_code`, `verifed_by_tax_service`) VALUES ('CC778899', '2033.03.03', '2033.03.03', 'P', 'GER', 1);
INSERT INTO `passport_desk`.`International_passport` (`id_international_passport`, `issue_date`, `expiry_date`, `type_international_passport`, `country_code`, `verifed_by_tax_service`) VALUES ('DD111222', '2033.04.04', '2033.04.04', 'P', 'MOL', 0);
INSERT INTO `passport_desk`.`International_passport` (`id_international_passport`, `issue_date`, `expiry_date`, `type_international_passport`, `country_code`, `verifed_by_tax_service`) VALUES ('EE222333', '2033.05.05', '2033.05.05', 'P', 'AFG', 1);

COMMIT;


-- -----------------------------------------------------
-- Data for table `passport_desk`.`Passport`
-- -----------------------------------------------------
START TRANSACTION;
USE `passport_desk`;
INSERT INTO `passport_desk`.`Passport` (`id_passport`, `name`, `surname`, `patronomyc`, `gender`, `birth_date`, `nationality`, `authority`, `issue_date`, `expiry_date`, `tax_number`, `record`, `fk_international_passport`) VALUES (111111111, 'Mykhailo', 'Ishchenko', 'Dmytrovych', 'M', '2001.07.31', 'Ukraine', '1111', '2023.01.01', '2033.01.01', 1111, '20010731-11111', 'AA112233');
INSERT INTO `passport_desk`.`Passport` (`id_passport`, `name`, `surname`, `patronomyc`, `gender`, `birth_date`, `nationality`, `authority`, `issue_date`, `expiry_date`, `tax_number`, `record`, `fk_international_passport`) VALUES (222222222, 'Pavlo', 'Adaway', '', 'M', '2000.01.01', 'Afghan', '2222', '2023.02.02', '2033.02.02', 2222, '20000101-22222', NULL);
INSERT INTO `passport_desk`.`Passport` (`id_passport`, `name`, `surname`, `patronomyc`, `gender`, `birth_date`, `nationality`, `authority`, `issue_date`, `expiry_date`, `tax_number`, `record`, `fk_international_passport`) VALUES (333333333, 'Olivia', 'Baalam', '', 'W', '2001.02.02', 'Armenian', '3333', '2023.03.03', '2033.03.03', 3333, '20010202-3333', 'BB445566');
INSERT INTO `passport_desk`.`Passport` (`id_passport`, `name`, `surname`, `patronomyc`, `gender`, `birth_date`, `nationality`, `authority`, `issue_date`, `expiry_date`, `tax_number`, `record`, `fk_international_passport`) VALUES (444444444, 'Emma', 'Cadden', 'Yuriivna', 'W', '2002.03.03', 'Brazilian', '4444', '2023.04.04', '2033.04.04', 4444, '20020303-4444', NULL);
INSERT INTO `passport_desk`.`Passport` (`id_passport`, `name`, `surname`, `patronomyc`, `gender`, `birth_date`, `nationality`, `authority`, `issue_date`, `expiry_date`, `tax_number`, `record`, `fk_international_passport`) VALUES (555555555, 'Theodre', 'Dacam', 'Vitalievich', 'M', '2003.04.04', 'Chinese', '5555', '2023.05.05', '2033.05.05', 5555, '20030404-5555', 'CC778899');
INSERT INTO `passport_desk`.`Passport` (`id_passport`, `name`, `surname`, `patronomyc`, `gender`, `birth_date`, `nationality`, `authority`, `issue_date`, `expiry_date`, `tax_number`, `record`, `fk_international_passport`) VALUES (666666666, 'William', 'Eabry', NULL, 'M', '2004.05.05', 'Danish', '6666', '2023.06.06', '2033.06.06', 6666, '20040505-6666', NULL);
INSERT INTO `passport_desk`.`Passport` (`id_passport`, `name`, `surname`, `patronomyc`, `gender`, `birth_date`, `nationality`, `authority`, `issue_date`, `expiry_date`, `tax_number`, `record`, `fk_international_passport`) VALUES (777777777, 'Charlotte', 'Faelor', 'Vasylivna', 'W', '2005.06.06', 'French', '7777', '2023.07.07', '2033.07.07', 7777, '20050606-7777', 'DD111222');
INSERT INTO `passport_desk`.`Passport` (`id_passport`, `name`, `surname`, `patronomyc`, `gender`, `birth_date`, `nationality`, `authority`, `issue_date`, `expiry_date`, `tax_number`, `record`, `fk_international_passport`) VALUES (888888888, 'James', 'Galli', NULL, 'M', '2006.07.07', 'German', '8888', '2023.08.08', '2033.08.08', 8888, '20060707-8888', NULL);
INSERT INTO `passport_desk`.`Passport` (`id_passport`, `name`, `surname`, `patronomyc`, `gender`, `birth_date`, `nationality`, `authority`, `issue_date`, `expiry_date`, `tax_number`, `record`, `fk_international_passport`) VALUES (999999999, 'Amelia', 'Habetell', 'Pavlovna', 'W', '2007.08.08', 'Hungarian', '9999', '2023.09.09', '2033.09.09', 9999, '20070808-9999', 'EE222333');
INSERT INTO `passport_desk`.`Passport` (`id_passport`, `name`, `surname`, `patronomyc`, `gender`, `birth_date`, `nationality`, `authority`, `issue_date`, `expiry_date`, `tax_number`, `record`, `fk_international_passport`) VALUES (101010101, 'Henry', 'Iddison', NULL, 'M', '2008.09.09', 'Iraqi', '1010', '2023.10.10', '2033.10.10', 1010, '20080909-1010', NULL);

COMMIT;


-- -----------------------------------------------------
-- Data for table `passport_desk`.`Place_of_birth`
-- -----------------------------------------------------
START TRANSACTION;
USE `passport_desk`;
INSERT INTO `passport_desk`.`Place_of_birth` (`settlement`, `region`, `country`, `fk_passport`) VALUES ('Kharkiv', 'Kharkiv', 'Ukraine', 111111111);
INSERT INTO `passport_desk`.`Place_of_birth` (`settlement`, `region`, `country`, `fk_passport`) VALUES ('Tokyo', 'Kanto', 'Japan', 222222222);
INSERT INTO `passport_desk`.`Place_of_birth` (`settlement`, `region`, `country`, `fk_passport`) VALUES ('Delhi', 'North India', 'India', 333333333);
INSERT INTO `passport_desk`.`Place_of_birth` (`settlement`, `region`, `country`, `fk_passport`) VALUES ('Shanghai', 'Eastern', 'China', 444444444);
INSERT INTO `passport_desk`.`Place_of_birth` (`settlement`, `region`, `country`, `fk_passport`) VALUES ('Mexico_City', 'Caribbean', 'Mexico', 555555555);
INSERT INTO `passport_desk`.`Place_of_birth` (`settlement`, `region`, `country`, `fk_passport`) VALUES ('Cairo', NULL, 'Egypt', 666666666);
INSERT INTO `passport_desk`.`Place_of_birth` (`settlement`, `region`, `country`, `fk_passport`) VALUES ('Mumbai', 'Konkan', 'India', 777777777);
INSERT INTO `passport_desk`.`Place_of_birth` (`settlement`, `region`, `country`, `fk_passport`) VALUES ('Beijing', 'Eastern', 'China', 888888888);
INSERT INTO `passport_desk`.`Place_of_birth` (`settlement`, `region`, `country`, `fk_passport`) VALUES ('Osaka', 'Kansai', 'Japan', 999999999);
INSERT INTO `passport_desk`.`Place_of_birth` (`settlement`, `region`, `country`, `fk_passport`) VALUES ('Vienna', NULL, 'Austria', 101010101);

COMMIT;


-- -----------------------------------------------------
-- Data for table `passport_desk`.`Place_of_registration`
-- -----------------------------------------------------
START TRANSACTION;
USE `passport_desk`;
INSERT INTO `passport_desk`.`Place_of_registration` (`country`, `settlement`, `region`, `street`, `house`, `apartment`, `registration_date`, `fk_passport`) VALUES ('Ukraine', 'Kharkiv', 'Kharkiv', 'Aachen', '1', 1, '2023.01.01', 111111111);
INSERT INTO `passport_desk`.`Place_of_registration` (`country`, `settlement`, `region`, `street`, `house`, `apartment`, `registration_date`, `fk_passport`) VALUES ('Japan', 'Tokyo', 'Kanto', 'Baalbec', '2', 2, '2023.02.02', 222222222);
INSERT INTO `passport_desk`.`Place_of_registration` (`country`, `settlement`, `region`, `street`, `house`, `apartment`, `registration_date`, `fk_passport`) VALUES ('India', 'Delhi', 'North India', 'Caban', '3', 3, '2023.03.03', 333333333);
INSERT INTO `passport_desk`.`Place_of_registration` (`country`, `settlement`, `region`, `street`, `house`, `apartment`, `registration_date`, `fk_passport`) VALUES ('China', 'Shanghai', 'Eastern', 'Daarle', '4', 4, '2023.04.04', 444444444);
INSERT INTO `passport_desk`.`Place_of_registration` (`country`, `settlement`, `region`, `street`, `house`, `apartment`, `registration_date`, `fk_passport`) VALUES ('Mexico', 'Mexico_City', 'Caribbean', 'Eachard', '5', 5, '2023.05.05', 555555555);
INSERT INTO `passport_desk`.`Place_of_registration` (`country`, `settlement`, `region`, `street`, `house`, `apartment`, `registration_date`, `fk_passport`) VALUES ('Egypt', 'Cairo', NULL, 'Faber', '6', 6, '2023.06.06', 666666666);
INSERT INTO `passport_desk`.`Place_of_registration` (`country`, `settlement`, `region`, `street`, `house`, `apartment`, `registration_date`, `fk_passport`) VALUES ('India', 'Mumbai', 'Konkan', 'Gabalfa', '7', 7, '2023.07.07', 777777777);
INSERT INTO `passport_desk`.`Place_of_registration` (`country`, `settlement`, `region`, `street`, `house`, `apartment`, `registration_date`, `fk_passport`) VALUES ('China', 'Beijing', 'Eastern', 'Haarle', '8', 8, '2023.08.08', 888888888);
INSERT INTO `passport_desk`.`Place_of_registration` (`country`, `settlement`, `region`, `street`, `house`, `apartment`, `registration_date`, `fk_passport`) VALUES ('Japan', 'Osaka', 'Kansai', 'Iachino', '9', 9, '2023.09.09', 999999999);
INSERT INTO `passport_desk`.`Place_of_registration` (`country`, `settlement`, `region`, `street`, `house`, `apartment`, `registration_date`, `fk_passport`) VALUES ('Austria', 'Vienna', NULL, 'Jaarlen', '10', 10, '2023.10.10', 101010101);

COMMIT;

